<?xml version="1.0" encoding="UTF-8" standalone="yes"?>
<addon id="repository.Fuad" name=".[COLOR blue] Fuad Al Zyoud [/COLOR][COLOR white] Repository [/COLOR]" version="1.0.1" provider-name="Fuad">
    <extension point="xbmc.addon.repository" name="By Fuad Al Zyoud ">
        <info compressed="false">https://raw.githubusercontent.com/kodil/kodil/master/addons.xml</info>
        <checksum>https://raw.githubusercontent.com/kodil/kodil/master/addons.xml.md5</checksum>
        <datadir zip="true">https://raw.githubusercontent.com/kodil/kodil/master/repo</datadir>
    </extension>
    <extension point="xbmc.addon.metadata">
        <summary>https://FuadZyoud.github.io </summary>
        <description>https://FuadZyoud.github.io </description>
        <platform>all</platform>
    </extension>
</addon>
